{
  "_id": "-dkVBpcBxgFH05FDSPFu",
  "_version": 1,
  "_primary_term": 6,
  "_seq_no": 6,
  "anomaly_detector": {
    "name": "auth_failure_detector",
    "description": "",
    "time_field": "@timestamp",
    "indices": [
      "syslog-*"
    ],
    "filter_query": {
      "bool": {
        "filter": [
          {
            "query_string": {
              "query": "*Failed password*",
              "default_field": "message",
              "fields": [],
              "type": "best_fields",
              "default_operator": "or",
              "max_determinized_states": 10000,
              "enable_position_increments": true,
              "fuzziness": "AUTO",
              "fuzzy_prefix_length": 0,
              "fuzzy_max_expansions": 50,
              "phrase_slop": 0,
              "escape": false,
              "auto_generate_synonyms_phrase_query": true,
              "fuzzy_transpositions": true,
              "boost": 1
            }
          }
        ],
        "adjust_pure_negative": true,
        "boost": 1
      }
    },
    "detection_interval": {
      "period": {
        "interval": 1,
        "unit": "Minutes"
      }
    },
    "window_delay": {
      "period": {
        "interval": 1,
        "unit": "Minutes"
      }
    },
    "shingle_size": 8,
    "schema_version": 0,
    "feature_attributes": [
      {
        "feature_id": "89kVBpcBxgFH05FDSPES",
        "feature_name": "ailed_login_count",
        "feature_enabled": true,
        "aggregation_query": {
          "ailed_login_count": {
            "value_count": {
              "field": "@timestamp"
            }
          }
        }
      }
    ],
    "ui_metadata": {
      "features": {
        "ailed_login_count": {
          "aggregationBy": "value_count",
          "aggregationOf": "@timestamp",
          "featureType": "simple_aggs"
        }
      },
      "filters": [
        {
          "query": "",
          "label": "",
          "filterType": "simple_filter",
          "fieldInfo": [
            {
              "label": "message",
              "type": "text"
            }
          ],
          "fieldValue": "Failed password",
          "operator": "contains"
        }
      ]
    },
    "last_update_time": 1748153747552,
    "user": {
      "name": "admin",
      "backend_roles": [
        "admin"
      ],
      "roles": [
        "own_index",
        "all_access"
      ],
      "custom_attribute_names": [],
      "user_requested_tenant": "__user__"
    },
    "detector_type": "SINGLE_ENTITY"
  }
}